{
    "rmse": 0.7054458003144817,
    "mae": 0.562535029876528,
    "r2": 0.27810875476868235
}