{
    "rmse": 0.7127266199113172,
    "mae": 0.5593197736441495,
    "r2": 0.23123720671906278
}